Group Name,Aliases,Normalized Name
mitre_APT-C-23,"Arid Viper, Big Bang APT, Desert Falcon, Grey Karkadann, Mantis, TAG-63, Two-tailed Scorpion",apt-c-23
mitre_APT-C-36,Blind Eagle,apt-c-36
mitre_APT1,"Comment Crew, Comment Group, Comment Panda",apt1
mitre_APT12,"DNSCALC, DynCalc, IXESHE, Numbered Panda",apt12
mitre_APT16,,apt16
mitre_APT17,Deputy Dog,apt17
mitre_APT18,"Dynamite Panda, TG-0416, Threat Group-0416",apt18
mitre_APT19,"C0d0so0, Codoso, Codoso Team, Sunshop Group",apt19
mitre_APT28,"FROZENLAKE, Fancy Bear, Forest Blizzard, Group 74, IRON TWILIGHT, Pawn Storm, SNAKEMACKEREL, STRONTIUM, Sednit, Sofacy, Swallowtail, TG-4127, Threat Group-4127, Tsar Team",apt28
mitre_APT29,"Blue Kitsune, Cozy Bear, CozyDuke, Dark Halo, IRON HEMLOCK, IRON RITUAL, Midnight Blizzard, NOBELIUM, NobleBaron, SolarStorm, StellarParticle, The Dukes, UNC2452, UNC3524, YTTRIUM",apt29
mitre_APT3,"Buckeye, Gothic Panda, Pirpi, TG-0110, Threat Group-0110, UPS Team",apt3
mitre_APT30,,apt30
mitre_APT32,"APT-C-00, BISMUTH, Canvas Cyclone, OceanLotus, SeaLotus",apt32
mitre_APT33,"Elfin, HOLMIUM, Peach Sandstorm",apt33
mitre_APT37,"Group123, InkySquid, Reaper, Ricochet Chollima, ScarCruft, TEMP.Reaper",apt37
mitre_APT38,"BeagleBoyz, Bluenoroff, COPERNICIUM, NICKEL GLADSTONE, Sapphire Sleet, Stardust Chollima",apt38
mitre_APT39,"Chafer, ITG07, Remix Kitten",apt39
mitre_APT41,"BARIUM, Brass Typhoon, Wicked Panda",apt41
mitre_APT5,"BRONZE FLEETWOOD, Keyhole Panda, MANGANESE, Mulberry Typhoon, UNC2630",apt5
mitre_Ajax Security Team,"AjaxTM, Flying Kitten, Operation Saffron Rose, Operation Woolen-Goldfish, Rocket Kitten",ajax security
mitre_Akira,"GOLD SAHARA, PUNK SPIDER",akira
mitre_Andariel,"Onyx Sleet, PLUTONIUM, Silent Chollima",andariel
mitre_Aoqin Dragon,,aoqin dragon
mitre_Aquatic Panda,,aquatic panda
mitre_Axiom,Group 72,axiom
mitre_BITTER,T-APT-17,bitter
mitre_BRONZE BUTLER,"REDBALDKNIGHT, Tick",bronze butler
mitre_BackdoorDiplomacy,,backdoordiplomacy
mitre_BlackOasis,,blackoasis
mitre_BlackTech,Palmerworm,blacktech
mitre_Blue Mockingbird,,blue mockingbird
mitre_CURIUM,"Crimson Sandstorm, TA456, Tortoise Shell",curium
mitre_Carbanak,Anunak,carbanak
mitre_Chimera,,chimera
mitre_Cinnamon Tempest,"BRONZE STARLIGHT, DEV-0401, Emperor Dragonfly",cinnamon tempest
mitre_Cleaver,"TG-2889, Threat Group 2889",cleaver
mitre_Cobalt Group,"Cobalt Gang, Cobalt Spider, GOLD KINGSWOOD",cobalt
mitre_Confucius,Confucius APT,confucius
mitre_CopyKittens,,copykittens
mitre_Dark Caracal,,dark caracal
mitre_DarkHydrus,,darkhydrus
mitre_DarkVishnya,,darkvishnya
mitre_Darkhotel,"DUBNIUM, Zigzag Hail",darkhotel
mitre_Deep Panda,"Black Vine, KungFu Kittens, PinkPanther, Shell Crew, WebMasters",deep panda
mitre_DragonOK,,dragonok
mitre_Dragonfly,"BROMINE, Berserk Bear, Crouching Yeti, DYMALLOY, Energetic Bear, Ghost Blizzard, IRON LIBERTY, TEMP.Isotope, TG-4192",dragonfly
mitre_EXOTIC LILY,,exotic lily
mitre_Earth Lusca,"CHROMIUM, Charcoal Typhoon, ControlX, TAG-22",earth lusca
mitre_Elderwood,"Beijing Group, Elderwood Gang, Sneaky Panda",elderwood
mitre_Ember Bear,"Bleeding Bear, Lorec Bear, Lorec53, Saint Bear, UAC-0056, UNC2589",ember bear
mitre_Equation,,equation
mitre_Evilnum,,evilnum
mitre_FIN10,,fin10
mitre_FIN13,Elephant Beetle,fin13
mitre_FIN4,,fin4
mitre_FIN5,,fin5
mitre_FIN6,"Camouflage Tempest, ITG08, Magecart Group 6, Skeleton Spider, TAAL",fin6
mitre_FIN7,"Carbon Spider, ELBRUS, GOLD NIAGARA, ITG14, Sangria Tempest",fin7
mitre_FIN8,Syssphinx,fin8
mitre_Ferocious Kitten,,ferocious kitten
mitre_Fox Kitten,"Lemon Sandstorm, Parisite, Pioneer Kitten, RUBIDIUM, UNC757",fox kitten
mitre_GALLIUM,Granite Typhoon,gallium
mitre_GCMAN,,gcman
mitre_GOLD SOUTHFIELD,Pinchy Spider,gold southfield
mitre_Gallmaker,,gallmaker
mitre_Gamaredon Group,"ACTINIUM, Aqua Blizzard, Armageddon, DEV-0157, IRON TILDEN, Primitive Bear, Shuckworm",gamaredon
mitre_Gorgon Group,,gorgon
mitre_Group5,,group5
mitre_HAFNIUM,"Operation Exchange Marauder, Silk Typhoon",hafnium
mitre_HEXANE,"Lyceum, Siamesekitten, Spirlin",hexane
mitre_Higaisa,,higaisa
mitre_Inception,"Cloud Atlas, Inception Framework",inception
mitre_IndigoZebra,,indigozebra
mitre_Indrik Spider,"DEV-0243, Evil Corp, Manatee Tempest",indrik spider
mitre_Ke3chang,"APT15, GREF, Mirage, NICKEL, Nylon Typhoon, Playful Dragon, RoyalAPT, Vixen Panda",ke3chang
mitre_Kimsuky,"Black Banshee, Emerald Sleet, THALLIUM, Velvet Chollima",kimsuky
mitre_LAPSUS$,"DEV-0537, Strawberry Tempest",lapsus$
mitre_Lazarus Group,"Diamond Sleet, Guardians of Peace, HIDDEN COBRA, Labyrinth Chollima, NICKEL ACADEMY, ZINC",lazarus
mitre_LazyScripter,,lazyscripter
mitre_Leafminer,Raspite,leafminer
mitre_Leviathan,"APT40, BRONZE MOHAWK, Gadolinium, Gingham Typhoon, Kryptonite Panda, MUDCARP, TEMP.Jumper, TEMP.Periscope",leviathan
mitre_Lotus Blossom,"DRAGONFISH, RADIUM, Raspberry Typhoon, Spring Dragon",lotus blossom
mitre_LuminousMoth,,luminousmoth
mitre_Machete,"APT-C-43, El Machete",machete
mitre_Magic Hound,"APT35, COBALT ILLUSION, Charming Kitten, ITG18, Mint Sandstorm, Newscaster, Phosphorus, TA453",magic hound
mitre_Malteiro,,malteiro
mitre_Metador,,metador
mitre_Moafee,,moafee
mitre_Mofang,,mofang
mitre_Molerats,"Gaza Cybergang, Operation Molerats",molerats
mitre_Moses Staff,"DEV-0500, Marigold Sandstorm",moses staff
mitre_MoustachedBouncer,,moustachedbouncer
mitre_MuddyWater,"Earth Vetala, MERCURY, Mango Sandstorm, Seedworm, Static Kitten, TA450, TEMP.Zagros",muddywater
mitre_Mustang Panda,"BRONZE PRESIDENT, RedDelta, TA416",mustang panda
mitre_Mustard Tempest,"DEV-0206, GOLD PRELUDE, TA569, UNC1543",mustard tempest
mitre_NEODYMIUM,,neodymium
mitre_Naikon,,naikon
mitre_Nomadic Octopus,DustSquad,nomadic octopus
mitre_OilRig,"APT34, COBALT GYPSY, EUROPIUM, Evasive Serpens, Hazel Sandstorm, Helix Kitten, IRN2",oilrig
mitre_Orangeworm,,orangeworm
mitre_PLATINUM,,platinum
mitre_POLONIUM,Plaid Rain,polonium
mitre_PROMETHIUM,StrongPity,promethium
mitre_Patchwork,"Chinastrats, Dropping Elephant, Hangover Group, MONSOON, Operation Hangover",patchwork
mitre_PittyTiger,,pittytiger
mitre_Poseidon Group,,poseidon
mitre_Putter Panda,"APT2, MSUpdater",putter panda
mitre_RTM,,rtm
mitre_Rancor,,rancor
mitre_Rocke,,rocke
mitre_Sandworm Team,"BlackEnergy (Group), ELECTRUM, FROZENBARENTS, IRIDIUM, IRON VIKING, Quedagh, Seashell Blizzard, Telebots, Voodoo Bear",sandworm
mitre_Scarlet Mimic,,scarlet mimic
mitre_Scattered Spider,"Octo Tempest, Roasted 0ktapus, Storm-0875",scattered spider
mitre_SideCopy,,sidecopy
mitre_Sidewinder,"Rattlesnake, T-APT-04",sidewinder
mitre_Silence,Whisper Spider,silence
mitre_Silent Librarian,"COBALT DICKENS, TA407",silent librarian
mitre_SilverTerrier,,silverterrier
mitre_Sowbug,,sowbug
mitre_Stealth Falcon,,stealth falcon
mitre_Strider,ProjectSauron,strider
mitre_Suckfly,,suckfly
mitre_TA2541,,ta2541
mitre_TA459,,ta459
mitre_TA505,"CHIMBORAZO, Hive0065, Spandex Tempest",ta505
mitre_TA551,"GOLD CABIN, Shathak",ta551
mitre_TEMP.Veles,XENOTIME,veles
mitre_TeamTNT,,teamtnt
mitre_The White Company,,the white company
mitre_Threat Group-1314,TG-1314,tg-1314
mitre_Threat Group-3390,"APT27, BRONZE UNION, Earth Smilodon, Emissary Panda, Iron Tiger, LuckyMouse, TG-3390",tg-3390
mitre_Thrip,,thrip
mitre_ToddyCat,,toddycat
mitre_Tonto Team,"BRONZE HUNTLEY, CactusPete, Earth Akhlut, Karma Panda",tonto
mitre_Transparent Tribe,"APT36, COPPER FIELDSTONE, Mythic Leopard, ProjectM",transparent tribe
mitre_Tropic Trooper,"KeyBoy, Pirate Panda",tropic trooper
mitre_Turla,"BELUGASTURGEON, Group 88, IRON HUNTER, Krypton, Secret Blizzard, Snake, Venomous Bear, Waterbug, WhiteBear",turla
mitre_Volatile Cedar,Lebanese Cedar,volatile cedar
mitre_Volt Typhoon,BRONZE SILHOUETTE,volt typhoon
mitre_WIRTE,,wirte
mitre_Whitefly,,whitefly
mitre_Windigo,,windigo
mitre_Windshift,Bahamut,windshift
mitre_Winnti Group,Blackfly,winnti
mitre_Wizard Spider,"DEV-0193, FIN12, GOLD BLACKBURN, Grim Spider, ITG23, Periwinkle Tempest, TEMP.MixMaster, UNC1878",wizard spider
mitre_ZIRCONIUM,"APT31, Violet Typhoon",zirconium
mitre_admin@338,,admin@338
mitre_menuPass,"APT10, BRONZE RIVERSIDE, CVNX, Cicada, HOGFISH, POTASSIUM, Red Apollo, Stone Panda",menupass
mitre_ALLANITE,Palmetto Fusion,allanite
mitre_CyberAv3ngers,Soldiers of Soloman,cyberav3ngers
mitre_Bouncing Golf,,bouncing golf
mitre_UNC788,,unc788
malpedia_1937CN,,1937cn
malpedia_Actor240524,,actor240524
malpedia_Adrastea,,adrastea
malpedia_AeroBlade,,aeroblade
malpedia_Aggressive Inventory Zombies,AIZ,aggressive inventory zombies
malpedia_ALLANITE,"Palmetto Fusion, Allanite",allanite
malpedia_Alpha Spider,ALPHV Ransomware Group,alpha spider
malpedia_Altahrea Team,,altahrea
malpedia_ALTDOS,,altdos
malpedia_Altoufan Team,,altoufan
malpedia_ANDROMEDA SPIDER,,andromeda spider
malpedia_Anonymous64,Anonymous 64,anonymous64
malpedia_Anonymous KSA,,anonymous ksa
malpedia_Anonymous Sudan,,anonymous sudan
malpedia_ANTHROPOID SPIDER,"Empire Monkey, CobaltGoblin",anthropoid spider
malpedia_Antlion,,antlion
malpedia_Aoqin Dragon,UNC94,aoqin dragon
malpedia_AppMilad,,appmilad
malpedia_APT-C-12,"Sapphire Mushroom, Blue Mushroom, NuclearCrisis",apt-c-12
malpedia_APT-C-27,"GoldMouse, Golden RAT, ATK80",apt-c-27
malpedia_APT-C-34,Golden Falcon,apt-c-34
malpedia_APT-C-36,Blind Eagle,apt-c-36
malpedia_APT-C-60,APT-Q-12,apt-c-60
malpedia_APT.3102,,apt 3102
malpedia_APT1,"COMMENT PANDA, PLA Unit 61398, Comment Crew, Byzantine Candor, Group 3, TG-8223, Comment Group, Brown Fox, GIF89a, ShadyRAT, G0006",apt1
malpedia_APT10,"STONE PANDA, Menupass Team, happyyongzi, POTASSIUM, Red Apollo, CVNX, HOGFISH, Cloud Hopper, BRONZE RIVERSIDE, ATK41, G0045, Granite Taurus, TA429, Cicada",apt10
malpedia_APT12,"NUMBERED PANDA, TG-2754, BeeBus, Group 22, DynCalc, Calc Team, DNSCalc, Crimson Iron, IXESHE, BRONZE GLOBE",apt12
malpedia_APT14,"ANCHOR PANDA, QAZTeam, ALUMINUM",apt14
malpedia_APT15,"VIXEN PANDA, Ke3Chang, Playful Dragon, Metushy, Lurid, Social Network Team, Royal APT, BRONZE PALACE, BRONZE DAVENPORT, BRONZE IDLEWOOD, NICKEL, G0004, Red Vulture, Nylon Typhoon, Mirage",apt15
malpedia_APT16,"SVCMONDR, G0023",apt16
malpedia_APT17,"Group 8, AURORA PANDA, Hidden Lynx, Tailgater Team, Dogfish, BRONZE KEYSTONE, G0025, Group 72, G0001, Axiom, HELIUM",apt17
malpedia_APT18,"DYNAMITE PANDA, TG-0416, SCANDIUM, PLA Navy, Wekby, G0026",apt18
malpedia_APT19,"DEEP PANDA, Codoso, WebMasters, KungFu Kittens, Black Vine, TEMP.Avengers, Group 13, PinkPanther, Shell Crew, BRONZE FIRESTONE, G0009, G0073, Pupa, Sunshop Group",apt19
malpedia_APT2,"PLA Unit 61486, PUTTER PANDA, MSUpdater, 4HCrew, SULPHUR, SearchFire, TG-6952, G0024",apt2
malpedia_APT20,"VIOLIN PANDA, TH3Bug, Crawling Taurus",apt20
malpedia_APT21,"HAMMER PANDA, TEMP.Zhenbao, NetTraveler",apt21
malpedia_APT22,"G0039, Suckfly, BRONZE OLIVE, Group 46",apt22
malpedia_APT23,"PIRATE PANDA, KeyBoy, Tropic Trooper, BRONZE HOBART, G0081, Red Orthrus, Earth Centaur",apt23
malpedia_APT24,"PITTY PANDA, G0011, Temp.Pittytiger",apt24
malpedia_APT26,"JerseyMikes, TURBINE PANDA, BRONZE EXPRESS, TECHNETIUM",apt26
malpedia_APT27,"GreedyTaotie, TG-3390, EMISSARY PANDA, TEMP.Hippo, Red Phoenix, Budworm, Group 35, ZipToken, Iron Tiger, BRONZE UNION, Lucky Mouse, G0027, Iron Taurus, Earth Smilodon",apt27
malpedia_APT28,"Pawn Storm, FANCY BEAR, Sednit, SNAKEMACKEREL, Tsar Team, TG-4127, STRONTIUM, Swallowtail, IRON TWILIGHT, Group 74, SIG40, Grizzly Steppe, G0007, ATK5, Fighting Ursa, ITG05, Blue Athena, TA422, T-APT-12, APT-C-20, UAC-0028, FROZENLAKE, Sofacy, Forest Blizzard, BlueDelta, Fancy Bear, GruesomeLarch, APT 28, TsarTeam, Group-4127, Grey-Cloud",apt28
malpedia_APT29,"Group 100, COZY BEAR, The Dukes, Minidionis, SeaDuke, YTTRIUM, IRON HEMLOCK, Grizzly Steppe, G0016, ATK7, Cloaked Ursa, TA421, Blue Kitsune, ITG11, BlueBravo, Nobelium, UAC-0029, Midnight Blizzard",apt29
malpedia_APT3,"GOTHIC PANDA, TG-0110, Group 6, UPS, Buckeye, Boyusec, BORON, BRONZE MAYFAIR, Red Sylvan",apt3
malpedia_APT30,"G0013, Raspberry Typhoon, RADIUM, LotusBlossom",apt30
malpedia_APT31,"ZIRCONIUM, JUDGMENT PANDA, BRONZE VINEWOOD, Red keres, Violet Typhoon, TA412, Zirconium",apt31
malpedia_APT32,"OceanLotus Group, Ocean Lotus, OceanLotus, Cobalt Kitty, APT-C-00, SeaLotus, Sea Lotus, APT-32, APT 32, Ocean Buffalo, POND LOACH, TIN WOODLAWN, BISMUTH, ATK17, G0050, Canvas Cyclone",apt32
malpedia_APT33,"APT 33, Elfin, MAGNALLIUM, Refined Kitten, HOLMIUM, COBALT TRINITY, G0064, ATK35, Peach Sandstorm, TA451",apt33
malpedia_APT35,"Newscaster Team, Magic Hound, G0059, Phosphorus, Mint Sandstorm, TunnelVision, COBALT MIRAGE, Charming Kitten",apt35
malpedia_APT37,"APT 37, Group 123, Group123, InkySquid, Operation Daybreak, Operation Erebus, Reaper Group, Reaper, Red Eyes, Ricochet Chollima, ScarCruft, Venus 121, ATK4, G0067, Moldy Pisces, TA-RedAnt",apt37
malpedia_APT39,"Chafer, REMIX KITTEN, COBALT HICKMAN, G0087, Radio Serpens, TA454",apt39
malpedia_APT4,"PLA Navy, MAVERICK PANDA, BRONZE EDISON, SODIUM, Salmon Typhoon",apt4
malpedia_APT40,"TEMP.Periscope, TEMP.Jumper, Leviathan, BRONZE MOHAWK, GADOLINIUM, KRYPTONITE PANDA, G0065, ATK29, TA423, Red Ladon, ITG09, MUDCARP, ISLANDDREAMS, Gingham Typhoon",apt40
malpedia_APT41,"G0096, TA415, Blackfly, Grayfly, LEAD, BARIUM, WICKED SPIDER, WICKED PANDA, BRONZE ATLAS, BRONZE EXPORT, Red Kelpie, G0044, Earth Baku, Amoeba, HOODOO, Brass Typhoon",apt41
malpedia_APT42,"UNC788, CALANQUE",apt42
malpedia_APT43,,apt43
malpedia_APT45,,apt45
malpedia_APT5,"KEYHOLE PANDA, MANGANESE, BRONZE FLEETWOOD, TEMP.Bottle, Mulberry Typhoon, Poisoned Flight, TABCTENG",apt5
malpedia_APT6,1.php Group,apt6
malpedia_APT73,Eraleig,apt73
malpedia_APT9,"NIGHTSHADE PANDA, Red Pegasus, Group 27",apt9
malpedia_ArcaneDoor,,arcanedoor
malpedia_AridViper,"Desert Falcon, Arid Viper, APT-C-23, Bearded Barbie",aridviper
malpedia_Aslan Neferler Tim,"Lion Soldiers Team, Phantom Turk",aslan neferler tim
malpedia_Asnarök,Personal Panda,asnarök
malpedia_AtlasCross,,atlascross
malpedia_Attor,,attor
malpedia_Avivore,,avivore
malpedia_Awaken Likho,Core Werewolf,awaken likho
malpedia_Ayyıldız Tim,Crescent and Star,ayyıldız tim
malpedia_AzzaSec,,azzasec
malpedia_BackdoorDiplomacy,"BackDip, CloudComputating, Quarian",backdoordiplomacy
malpedia_BadRory,,badrory
malpedia_Bahamut,,bahamut
malpedia_BAMBOO SPIDER,,bamboo spider
malpedia_BANISHED KITTEN,"DUNE, Storm-0842",banished kitten
malpedia_BazarCall,"BazzarCall, BazaCall",bazarcall
malpedia_Beijing Group,"SNEAKY PANDA, Elderwood, Elderwood Gang, SIG22, G0066",beijing
malpedia_BelialDemon,Matanbuchus,belialdemon
malpedia_Belsen Group,,belsen
malpedia_BiBiGun,,bibigun
malpedia_Bignosa,,bignosa
malpedia_BIG PANDA,,big panda
malpedia_BITWISE SPIDER,,bitwise spider
malpedia_Blackatom,,blackatom
malpedia_Blackgear,"Topgear, Comnie, BLACKGEAR",blackgear
malpedia_BlackJack,,blackjack
malpedia_Blackmeta,SN Blackmeta,blackmeta
malpedia_BlackOasis,G0063,blackoasis
malpedia_Blacktail,,blacktail
malpedia_BlackTech,"CIRCUIT PANDA, Temp.Overboard, HUAPI, Palmerworm, G0098, T-APT-03, Manga Taurus, Red Djinn, Earth Hundun",blacktech
malpedia_Blackwood,,blackwood
malpedia_BladeHawk,,bladehawk
malpedia_BlueBottle,,bluebottle
malpedia_BlueHornet,"APT49, AgainstTheWest",bluehornet
malpedia_Blue Termite,"Cloudy Omega, Emdivi",blue termite
malpedia_Blue Tsunami,Black Cube,blue tsunami
malpedia_Bohrium,"Smoke Sandstorm, BOHRIUM",bohrium
malpedia_Bondnet,,bondnet
malpedia_Boolka,,boolka
malpedia_BOSON SPIDER,,boson spider
malpedia_BOSS SPIDER,GOLD LOWELL,boss spider
malpedia_Boulder Bear,,boulder bear
malpedia_BrazenBamboo,,brazenbamboo
malpedia_BRONZE EDGEWOOD,Red Hariasa,bronze edgewood
malpedia_BRONZE HIGHLAND,"Evasive Panda,  Daggerfly",bronze highland
malpedia_BRONZE SPIRAL,,bronze spiral
malpedia_BRONZE SPRING,UNC302,bronze spring
malpedia_BRONZE STARLIGHT,"SLIME34, DEV-0401, Cinnamon Tempest, Emperor Dragonfly",bronze starlight
malpedia_BRONZE VAPOR,,bronze vapor
malpedia_Budminer,Budminer cyberespionage group,budminer
malpedia_BuhTrap,,buhtrap
malpedia_Cadelle,,cadelle
malpedia_Caliente Bandits,TA2721,caliente bandits
malpedia_Callisto,"COLDRIVER, SEABORGIUM, TA446, GOSSAMER BEAR, BlueCharlie, Star Blizzard, TAG-53, IRON FRONTIER, UNC4057, Blue Callisto",callisto
malpedia_Calypso,BRONZE MEDLEY,calypso
malpedia_Camaro Dragon,,camaro dragon
malpedia_Caracal Kitten,APT-Q-58,caracal kitten
malpedia_Caramel Tsunami,"SOURGUM, Candiru",caramel tsunami
malpedia_Carderbee,,carderbee
malpedia_CardinalLizard,,cardinallizard
malpedia_Careto,"The Mask, Mask, Ugly Face",careto
malpedia_Carmine Tsunami,"DEV-0196, QuaDream",carmine tsunami
malpedia_CeranaKeeper,,ceranakeeper
malpedia_Chamelgang,CamoFei,chamelgang
malpedia_Charming Kitten,"Newscaster, Parastoo, iKittens, Group 83, NewsBeef, G0058, CharmingCypress, Mint Sandstorm, PHOSPHORUS, APT35",charming kitten
malpedia_Chernovite,,chernovite
malpedia_CHRYSENE,"OilRig, Greenbug, Hazel Sandstorm, EUROPIUM, Cobalt Gypsy, APT34",chrysene
malpedia_CiberInteligenciaSV,,ciberinteligenciasv
malpedia_CIRCUS SPIDER,,circus spider
malpedia_CL-STA-0043,TGR-STA-0043,cl-sta-0043
malpedia_Cleaver,"Operation Cleaver, Op Cleaver, Tarh Andishan, Alibaba, TG-2889, Cobalt Gypsy, G0003, Hazel Sandstorm, EUROPIUM, APT34, OilRig",cleaver
malpedia_Clever Kitten,Group 41,clever kitten
malpedia_CLOCKWORK SPIDER,,clockwork spider
malpedia_CloudSorcerer,,cloudsorcerer
malpedia_Cobalt,"Cobalt Group, Cobalt Gang, GOLD KINGSWOOD, COBALT SPIDER, G0080, Mule Libra",cobalt
malpedia_COBALT JUNO,"APT-C-38 (QiAnXin), SABER LION, TG-2884 (SCWX CTU)",cobalt juno
malpedia_COBALT KATANA,"Hive0081 (IBM), SectorD01 (NHSC), xHunt campaign (Palo Alto), Hunter Serpens",cobalt katana
malpedia_Codefinger,,codefinger
malpedia_Cold River,"Nahr Elbard, Nahr el bared",cold river
malpedia_Common Raven,"OPERA1ER, NXSMS, DESKTOP-GROUP",common raven
malpedia_Confucious,,confucious
malpedia_Copy-Paste,,copy-paste
malpedia_CopyKittens,"Slayer Kitten, G0052",copykittens
malpedia_CoralRaider,,coralraider
malpedia_Corsair Jackal,TunisianCyberArmy,corsair jackal
malpedia_CosmicBeetle,,cosmicbeetle
malpedia_Cosmic Lynx,,cosmic lynx
malpedia_CostaRicto,,costaricto
malpedia_Cotton Sandstorm,"Emennet Pasargad, Holy Souls, MARNANBRIDGE, NEPTUNIUM",cotton sandstorm
malpedia_CoughingDown,,coughingdown
malpedia_CRYSTALRAY,,crystalray
malpedia_Cuboid Sandstorm,DEV-0228,cuboid sandstorm
malpedia_Curious Gorge,UNC3742,curious gorge
malpedia_Cutting Kitten,ITsecTeam,cutting kitten
malpedia_Cyber.Anarchy.Squad,Cyber Anarchy Squad,cyber anarchy squad
malpedia_CyberNiggers,,cyberniggers
malpedia_Cyber Army of Russia Reborn,,cyber army of russia reborn
malpedia_Cyber Av3ngers,,cyber av3ngers
malpedia_Cyber Berkut,,cyber berkut
malpedia_Cyber Caliphate Army,"Islamic State Hacking Division, CCA, United Cyber Caliphate, UUC, CyberCaliphate",cyber caliphate army
malpedia_Cyber fighters of Izz Ad-Din Al Qassam,Fraternal Jackal,cyber fighters of izz ad-din al qassam
malpedia_Cyber Partisans,,cyber partisans
malpedia_Cyber Toufan,,cyber toufan
malpedia_DAGGER PANDA,"IceFog, Trident, RedFoxtrot, Red Wendigo, PLA Unit 69010",dagger panda
malpedia_Daixin Team,,daixin
malpedia_Dalbit,,dalbit
malpedia_Dancing Salome,,dancing salome
malpedia_DangerousSavanna,,dangeroussavanna
malpedia_Danti,,danti
malpedia_DarkCasino,,darkcasino
malpedia_DarkHotel,"DUBNIUM, Fallout Team, Karba, Luder, Nemim, Nemin, Tapaoux, Pioneer, Shadow Crane, APT-C-06, SIG25, TUNGSTEN BRIDGE, T-APT-02, G0012, ATK52, Zigzag Hail, Dark Hotel",darkhotel
malpedia_DarkHydrus,"LazyMeerkat, G0079, Obscure Serpens",darkhydrus
malpedia_DarkRaaS,,darkraas
malpedia_DarkVishnya,,darkvishnya
malpedia_Dark Basin,,dark basin
malpedia_Dark Caracal,G0070,dark caracal
malpedia_Deadeye Jackal,"SyrianElectronicArmy, SEA",deadeye jackal
malpedia_DefrayX,Hive0091,defrayx
malpedia_Denim Tsunami,"KNOTWEED, DSIRF",denim tsunami
malpedia_Desorden Group,,desorden
malpedia_DEV-0147,,dev-0147
malpedia_DEV-0270,"Nemesis Kitten, Storm-0270",dev-0270
malpedia_DEV-0569,Storm-0569,dev-0569
malpedia_DEV-0586,"Ruinous Ursa, Cadet Blizzard",dev-0586
malpedia_DEV-0928,,dev-0928
malpedia_DEV-0950,Lace Tempest,dev-0950
malpedia_DEV-1028,,dev-1028
malpedia_DEXTOROUS SPIDER,,dextorous spider
malpedia_DiceyF,,diceyf
malpedia_DIZZY PANDA,LadyBoyle,dizzy panda
malpedia_DNSpionage,COBALT EDGEWATER,dnspionage
malpedia_Domestic Kitten,"Bouncing Golf, APT-C-50",domestic kitten
malpedia_DOPPEL SPIDER,GOLD HERON,doppel spider
malpedia_Dragonbridge,Spamouflage Dragon,dragonbridge
malpedia_DragonForce,,dragonforce
malpedia_DragonOK,"Moafee, BRONZE OVERBROOK, G0017, G0002, Shallow Taurus",dragonok
malpedia_DragonRank,,dragonrank
malpedia_DragonSpark,,dragonspark
malpedia_DriftingCloud,,driftingcloud
malpedia_DUNGEON SPIDER,,dungeon spider
malpedia_DustSquad,Nomadic Octopus,dustsquad
malpedia_Dust Storm,G0031,dust storm
malpedia_Earth Baxia,,earth baxia
malpedia_Earth Berberoka,GamblingPuppet,earth berberoka
malpedia_Earth Estries,,earth estries
malpedia_Earth Freybug,,earth freybug
malpedia_Earth Kapre,"RedCurl, Red Wolf",earth kapre
malpedia_Earth Kitsune,,earth kitsune
malpedia_Earth Krahang,,earth krahang
malpedia_Earth Longzhi,SnakeCharmer,earth longzhi
malpedia_Earth Lusca,"CHROMIUM, ControlX, TAG-22, FISHMONGER, BRONZE UNIVERSITY, AQUATIC PANDA, Red Dev 10, RedHotel, Charcoal Typhoon, BountyGlad, Red Scylla",earth lusca
malpedia_Earth Wendigo,,earth wendigo
malpedia_Earth Yako,"Operation RestyLink, Enelink",earth yako
malpedia_EC2 Grouper,,ec2 grouper
malpedia_Edalat-e Ali,,edalat-e ali
malpedia_ELECTRIC PANDA,,electric panda
malpedia_ELOQUENT PANDA,,eloquent panda
malpedia_El Machete,"Machete, machete-apt, APT-C-43, G0095",el machete
malpedia_ENERGETIC BEAR,"BERSERK BEAR, ALLANITE, CASTLE, DYMALLOY, TG-4192, Dragonfly, Crouching Yeti, Group 24, Havex, Koala Team, IRON LIBERTY, G0035, ATK6, ITG15, BROMINE, Blue Kraken, Ghost Blizzard",energetic bear
malpedia_Equation Group,"Tilded Team, EQGRP, G0020",equation
malpedia_Evasive Panda,BRONZE HIGHLAND,evasive panda
malpedia_Evilbyte,,evilbyte
malpedia_Evilnum,"DeathStalker, TA4563, EvilNum, Jointworm, KNOCKOUT SPIDER",evilnum
malpedia_EvilPost,,evilpost
malpedia_EvilTraffic,Operation EvilTraffic,eviltraffic
malpedia_EvilWeb,,evilweb
malpedia_Evil Corp,GOLD DRAKE,evil corp
malpedia_ExCobalt,,excobalt
malpedia_EXOTIC LILY,DEV-0413,exotic lily
malpedia_Fail0verflow,Team Twiizer,fail0verflow
malpedia_FASTCash,,fastcash
malpedia_Ferocious Kitten,,ferocious kitten
malpedia_FIN1,,fin1
malpedia_FIN10,G0051,fin10
malpedia_FIN11,"TEMP.Warlock, UNC902, Lace Tempest, DEV-0950, TA505",fin11
malpedia_FIN13,"TG2003, Elephant Beetle",fin13
malpedia_FIN5,G0053,fin5
malpedia_FIN6,"SKELETON SPIDER, ITG08, MageCart Group 6, White Giant, GOLD FRANKLIN, ATK88, G0037, Camouflage Tempest, TA4557, TAAL",fin6
malpedia_FIN7,"CARBON SPIDER, GOLD NIAGARA, Calcium, ATK32, G0046, G0008, Coreid, Carbanak, Sangria Tempest, ELBRUS, Carbon Spider, JokerStash",fin7
malpedia_FIN8,"ATK113, G0061",fin8
malpedia_Fishing Elephant,Outrider Tiger,fishing elephant
malpedia_Flash Kitten,,flash kitten
malpedia_Flax Typhoon,"Ethereal Panda, Storm-0919",flax typhoon
malpedia_FlyingYeti,"Storm-1837, Flying Yeti",flyingyeti
malpedia_Flying Kitten,"SaffronRose, Saffron Rose, AjaxSecurityTeam, Ajax Security Team, Group 26, Sayad",flying kitten
malpedia_FOXY PANDA,,foxy panda
malpedia_Fox Kitten,"PIONEER KITTEN, PARISITE, UNC757, Lemon Sandstorm, RUBIDIUM, PioneerKitten",fox kitten
malpedia_FrostyNeighbor,,frostyneighbor
malpedia_FunkSec,,funksec
malpedia_FusionCore,,fusioncore
malpedia_Fxmsp,,fxmsp
malpedia_GALLIUM,"Red Dev 4, Alloy Taurus, Granite Typhoon, Operation Soft Cell",gallium
malpedia_Gallmaker,,gallmaker
malpedia_Gamaredon Group,"ACTINIUM, DEV-0157, Blue Otso, BlueAlpha, G0047, IRON TILDEN, PRIMITIVE BEAR, Shuckworm, Trident Ursa, UAC-0010, Winterflounder, Aqua Blizzard, Actinium, UNC530, Gamaredon",gamaredon
malpedia_GambleForce,,gambleforce
malpedia_GC01,"Golden Chickens, Golden Chickens01, Golden Chickens 01",gc01
malpedia_GC02,"Golden Chickens, Golden Chickens02, Golden Chickens 02",gc02
malpedia_GCMAN,G0036,gcman
malpedia_Gelsemium,狼毒草,gelsemium
malpedia_GhostEmperor,"FamousSparrow, UNC2286, Salt Typhoon",ghostemperor
malpedia_GhostNet,Snooping Dragon,ghostnet
malpedia_GhostR,,ghostr
malpedia_GhostSec,Ghost Security,ghostsec
malpedia_Ghostwriter,"UNC1151, TA445, PUSHCHA, Storm-0257, DEV-0257, UAC-0057",ghostwriter
malpedia_Ghost Jackal,,ghost jackal
malpedia_GIBBERISH PANDA,,gibberish panda
malpedia_Gitloker,,gitloker
malpedia_Gnosticplayers,,gnosticplayers
malpedia_GOBLIN PANDA,"Conimes, Cycldek",goblin panda
malpedia_GoldenJackal,,goldenjackal
malpedia_GoldFactory,,goldfactory
malpedia_GOLD BURLAP,CYBORG SPIDER,gold burlap
malpedia_GOLD CABIN,"Shakthak, TA551, ATK236, G0127, Monster Libra",gold cabin
malpedia_GOLD DUPONT,SPRITE SPIDER,gold dupont
malpedia_GOLD EVERGREEN,,gold evergreen
malpedia_GOLD FAIRFAX,,gold fairfax
malpedia_GOLD FLANDERS,,gold flanders
malpedia_GOLD GALLEON,,gold galleon
malpedia_GOLD GARDEN,,gold garden
malpedia_GOLD MANSARD,,gold mansard
malpedia_GOLD NORTHFIELD,,gold northfield
malpedia_GOLD PRELUDE,"TA569, UNC1543",gold prelude
malpedia_GOLD RIVERVIEW,,gold riverview
malpedia_GOLD SKYLINE,,gold skyline
malpedia_GOLD SOUTHFIELD,,gold southfield
malpedia_GOLD SYMPHONY,,gold symphony
malpedia_GOLD WATERFALL,,gold waterfall
malpedia_GOLD WINTER,,gold winter
malpedia_Gorilla,,gorilla
malpedia_GozNym,,goznym
malpedia_Grayling,,grayling
malpedia_Gray Sandstorm,DEV-0343,gray sandstorm
malpedia_Greenbug,,greenbug
malpedia_GREF,,gref
malpedia_GreyEnergy,,greyenergy
malpedia_GRIM SPIDER,GOLD ULRICK,grim spider
malpedia_Groundbait,,groundbait
malpedia_Group5,G0043,group5
malpedia_Guacamaya,,guacamaya
malpedia_GURU SPIDER,,guru spider
malpedia_Hacking Team,,hacking
malpedia_HAFNIUM,"ATK233, G0125, Operation Exchange Marauder, Red Dev 13, Silk Typhoon",hafnium
malpedia_Hagga,"Aggah, TH-157",hagga
malpedia_Handala,,handala
malpedia_HAZY TIGER,"Bitter, T-APT-17, APT-C-08, Orange Yali, TA397",hazy tiger
malpedia_HellHounds,,hellhounds
malpedia_Hellsing,,hellsing
malpedia_HenBox,,henbox
malpedia_Hezb,Mimo,hezb
malpedia_HiddenArt,,hiddenart
malpedia_Higaisa,,higaisa
malpedia_HikkI-Chan,,hikki-chan
malpedia_Hive0137,,hive0137
malpedia_HomeLand Justice,,homeland justice
malpedia_Honeybee,G0072,honeybee
malpedia_HookAds,,hookads
malpedia_HOUND SPIDER,,hound spider
malpedia_HummingBad,,hummingbad
malpedia_Hunt3r Kill3rs,,hunt3r kill3rs
malpedia_HURRICANE PANDA,,hurricane panda
malpedia_IcePeony,,icepeony
malpedia_IMPERSONATING PANDA,,impersonating panda
malpedia_Inception Framework,"Clean Ursa, Cloud Atlas, OXYGEN, G0100, ATK116, Blue Odin",inception
malpedia_IndigoZebra,,indigozebra
malpedia_INDOHAXSEC TEAM,,indohaxsec
malpedia_INDRIK SPIDER,"Manatee Tempest, DEV-0243, EvilCorp, UNC2165",indrik spider
malpedia_Infy,"Operation Mermaid, Prince of Persia, Foudre",infy
malpedia_IntelBroker,,intelbroker
malpedia_InvisiMole,,invisimole
malpedia_IRIDIUM,"Seashell Blizzard, Sandworm",iridium
malpedia_IRLeaks,,irleaks
malpedia_IronHusky,,ironhusky
malpedia_Iron Group,Iron Cyber Group,iron
malpedia_ItaDuke,"DarkUniverse, SIG27",itaduke
malpedia_JuiceLedger,,juiceledger
malpedia_Kairos,,kairos
malpedia_Karakurt,Karakurt Lair,karakurt
malpedia_Karkadann,Piwiks,karkadann
malpedia_Kasablanka,,kasablanka
malpedia_KAX17,,kax17
malpedia_Keksec,,keksec
malpedia_KelvinSecurity,,kelvinsecurity
malpedia_Killnet,,killnet
malpedia_Kimsuky,"Velvet Chollima, Black Banshee, Thallium, Operation Stolen Pencil, G0086, APT43, Emerald Sleet, THALLIUM, Springtail, Sparkling Pisces",kimsuky
malpedia_Kinsing,Money Libra,kinsing
malpedia_Kiss-a-Dog,,kiss-a-dog
malpedia_KromSec,,kromsec
malpedia_LabHost,,labhost
malpedia_Lancefly,,lancefly
malpedia_LAPSUS,"LAPSUS$, DEV-0537, SLIPPY SPIDER, Strawberry Tempest",lapsus
malpedia_Lazarus Group,"Operation DarkSeoul, Dark Seoul, Hidden Cobra, Hastati Group, Andariel, Unit 121, Bureau 121, NewRomanic Cyber Army Team, Bluenoroff, Subgroup: Bluenoroff, Group 77, Labyrinth Chollima, Operation Troy, Operation GhostSecret, Operation AppleJeus, APT38, APT 38, Stardust Chollima, Whois Hacking Team, Zinc, Appleworm, Nickel Academy, APT-C-26, NICKEL GLADSTONE, COVELLITE, ATK3, G0032, ATK117, G0082, Citrine Sleet, DEV-0139, DEV-1222, Diamond Sleet, ZINC, Sapphire Sleet, COPERNICIUM, TA404, Lazarus group, BeagleBoyz, Lazarus, Genie Spider",lazarus
malpedia_Libyan Scorpions,,libyan scorpions
malpedia_Lifting Zmiy,,lifting zmiy
malpedia_LightBasin,"UNC1945, CL-CRI-0025",lightbasin
malpedia_LilacSquid,,lilacsquid
malpedia_Lilac Typhoon,DEV-0234,lilac typhoon
malpedia_Liminal Panda,,liminal panda
malpedia_LofyGang,,lofygang
malpedia_Longhorn,"Lamberts, the Lamberts, APT-C-39, PLATINUM TERMINAL",longhorn
malpedia_LOTUS PANDA,"Spring Dragon, ST Group, DRAGONFISH, BRONZE ELGIN, ATK1, G0030, Red Salamander, Lotus BLossom",lotus panda
malpedia_Lucky Cat,"TA413, White Dev 9",lucky cat
malpedia_LulzSec Black,,lulzsec black
malpedia_LUNAR SPIDER,GOLD SWATHMORE,lunar spider
malpedia_luoxk,,luoxk
malpedia_LYCEUM,"COBALT LYCEUM, HEXANE, UNC1530, Spirlin, MYSTICDOME, siamesekitten, Chrono Kitten, Storm-0133",lyceum
malpedia_Madi,,madi
malpedia_MageCart,,magecart
malpedia_Magic Kitten,"Group 42, VOYEUR",magic kitten
malpedia_MAGNETIC SPIDER,,magnetic spider
malpedia_MalKamak,,malkamak
malpedia_MALLARD SPIDER,GOLD LAGOON,mallard spider
malpedia_Malteiro,,malteiro
malpedia_Mana Team,,mana
malpedia_Markopolo,,markopolo
malpedia_Massgrave,,massgrave
malpedia_Metador,,metador
malpedia_MIMIC SPIDER,,mimic spider
malpedia_Mirage Tiger,,mirage tiger
malpedia_MirrorFace,Earth Kasha,mirrorface
malpedia_ModifiedElephant,,modifiedelephant
malpedia_Mofang,"Superman, BRONZE WALKER",mofang
malpedia_Mogilevich,,mogilevich
malpedia_Molerats,"Gaza Hackers Team, Gaza cybergang, Gaza Cybergang, Operation Molerats, Extreme Jackal, Moonlight, ALUMINUM SARATOGA, G0021, BLACKSTEM",molerats
malpedia_MoneyTaker,,moneytaker
malpedia_MONTY SPIDER,,monty spider
malpedia_MosesStaff,"Moses Staff, Marigold Sandstorm, DEV-0500",mosesstaff
malpedia_Moshen Dragon,,moshen dragon
malpedia_Moskalvzapoe,"MAN1, TA511",moskalvzapoe
malpedia_MoustachedBouncer,,moustachedbouncer
malpedia_MuddyWater,"TEMP.Zagros, Static Kitten, Seedworm, MERCURY, COBALT ULSTER, G0069, ATK51, Boggy Serpens, Mango Sandstorm, TA450, Earth Vetala",muddywater
malpedia_MUMMY SPIDER,"TA542, GOLD CRESTWOOD",mummy spider
malpedia_MurenShark,Actor210426,murenshark
malpedia_MUSTANG PANDA,"BRONZE PRESIDENT, HoneyMyte, Red Lich, TEMP.HEX, BASIN, Earth Preta, TA416, Stately Taurus, LuminousMoth, Polaris, TANTALUM, Twill Typhoon",mustang panda
malpedia_Mustard Tempest,"DEV-0206, Purple Vallhund",mustard tempest
malpedia_N4ughtysecTU,,n4ughtysectu
malpedia_Naikon,"PLA Unit 78020, OVERRIDE PANDA, Camerashy, BRONZE GENEVA, G0019, Naikon, BRONZE STERLING, G0013",naikon
malpedia_Nam3L3ss,,nam3l3ss
malpedia_NARWHAL SPIDER,"GOLD ESSEX, TA544",narwhal spider
malpedia_Natohub,,natohub
malpedia_Nazar,SIG37,nazar
malpedia_NB65,Network Battalion 65,nb65
malpedia_NEODYMIUM,G0055,neodymium
malpedia_NewsPenguin,,newspenguin
malpedia_Nexus Zeta,,nexus zeta
malpedia_Night Dragon,G0014,night dragon
malpedia_Nitro,Covert Grove,nitro
malpedia_NOCTURNAL SPIDER,,nocturnal spider
malpedia_NOMAD PANDA,,nomad panda
malpedia_NoName057(16),"NoName057, NoName05716, 05716nnm, Nnm05716",noname057(16)
malpedia_NOTROBIN,,notrobin
malpedia_Nullbulge,,nullbulge
malpedia_OilAlpha,,oilalpha
malpedia_OilRig,"Twisted Kitten, Cobalt Gypsy, Crambus, Helix Kitten, APT 34, APT34, IRN2, ATK40, G0049, Evasive Serpens, Hazel Sandstorm, EUROPIUM, TA452, Earth Simnavaz",oilrig
malpedia_OldGremlin,,oldgremlin
malpedia_OnionDog,,oniondog
malpedia_Opal Sleet,"OSMIUM, Konni, Vedalia",opal sleet
malpedia_Operation BugDrop,,operation bugdrop
malpedia_Operation C-Major,"C-Major, Transparent Tribe, Mythic Leopard, ProjectM, APT36, APT 36, TMP.Lapis, Green Havildar, COPPER FIELDSTONE, Earth Karkaddan, Storm-0156",operation c-major
malpedia_Operation Cobalt Whisper,,operation cobalt whisper
malpedia_Operation Comando,,operation comando
malpedia_Operation DRBControl,,operation drbcontrol
malpedia_Operation Emmental,"Retefe Gang, Retefe Group",operation emmental
malpedia_Operation Ghoul,,operation ghoul
malpedia_Operation Kabar Cobra,,operation kabar cobra
malpedia_Operation Parliament,,operation parliament
malpedia_Operation Poison Needles,,operation poison needles
malpedia_Operation Red Signature,,operation red signature
malpedia_Operation ShadowHammer,,operation shadowhammer
malpedia_Operation Shadow Force,,operation shadow force
malpedia_Operation Sharpshooter,,operation sharpshooter
malpedia_Operation Soft Cell,GALLIUM,operation soft cell
malpedia_Operation Triangulation,,operation triangulation
malpedia_Operation WizardOpium,,operation wizardopium
malpedia_Operation Wocao,,operation wocao
malpedia_Orangeworm,,orangeworm
malpedia_OurMine,,ourmine
malpedia_OUTLAW SPIDER,,outlaw spider
malpedia_OverFlame,,overflame
malpedia_OVERLORD SPIDER,,overlord spider
malpedia_Pacha Group,,pacha
malpedia_Packrat,,packrat
malpedia_PALE PANDA,,pale panda
malpedia_PARINACOTA,"Wine Tempest, Wadhrama",parinacota
malpedia_PassCV,,passcv
malpedia_Pearl Sleet,"DEV-0215, LAWRENCIUM",pearl sleet
malpedia_People's Cyber Army of Russia,,people's cyber army of russia
malpedia_PerSwaysion,,perswaysion
malpedia_PhantomControl,,phantomcontrol
malpedia_PhantomCore,,phantomcore
malpedia_Phlox Tempest,DEV-0796,phlox tempest
malpedia_Pickaxe,Prying Libra,pickaxe
malpedia_PINCHY SPIDER,,pinchy spider
malpedia_Pink Sandstorm,"AMERICIUM, BlackShadow, DEV-0022, Agrius, Agonizing Serpens",pink sandstorm
malpedia_PIZZO SPIDER,"DD4BC, Ambiorx",pizzo spider
malpedia_PLATINUM,"TwoForOne, G0068, ATK33",platinum
malpedia_POISONUS PANDA,,poisonus panda
malpedia_POISON CARP,"Evil Eye, Red Dev 16, Earth Empusa",poison carp
malpedia_POLONIUM,"Plaid Rain, UNC4453, GREATRIFT",polonium
malpedia_Poseidon Group,G0033,poseidon
malpedia_PowerPool,IAmTheKing,powerpool
malpedia_Predatory Sparrow,"Indra, Gonjeshke Darande",predatory sparrow
malpedia_PREDATOR PANDA,,predator panda
malpedia_ProCC,,procc
malpedia_ProjectSauron,"Strider, Sauron, Project Sauron, G0041",projectsauron
malpedia_Prolific Puma,,prolific puma
malpedia_PROMETHIUM,"StrongPity, G0056",promethium
malpedia_Prophet Spider,"GOLD MELODY, UNC961",prophet spider
malpedia_QUILTED TIGER,"Chinastrats, Patchwork, Monsoon, Sarit, Dropping Elephant, APT-C-09, ZINC EMERSON, ATK11, G0040, Orange Athos, Thirsty Gemini",quilted tiger
malpedia_R00tK1T,,r00tk1t
malpedia_RADIO PANDA,Shrouded Crossbow,radio panda
malpedia_RaHDit,Russian Angry Hackers Did It,rahdit
malpedia_RANCOR,"Rancor group, Rancor, Rancor Group, G0075, Rancor Taurus",rancor
malpedia_RansomHouse,,ransomhouse
malpedia_RansomHub,,ransomhub
malpedia_RansomVC,Ransomed.vc,ransomvc
malpedia_Raspberry Typhoon,RADIUM,raspberry typhoon
malpedia_RASPITE,"LeafMiner, Raspite",raspite
malpedia_RATPAK SPIDER,,ratpak spider
malpedia_RAZOR TIGER,"SideWinder, Rattlesnake, APT-C-17, T-APT-04",razor tiger
malpedia_Rebel Jackal,FallagaTeam,rebel jackal
malpedia_Red-Lili,,red-lili
malpedia_RedAlpha,"DeepCliff, Red Dev 3",redalpha
malpedia_RedDelta,,reddelta
malpedia_RedEcho,,redecho
malpedia_Redfly,,redfly
malpedia_RedGolf,,redgolf
malpedia_RedJuliett,,redjuliett
malpedia_RedStinger,Bad Magic,redstinger
malpedia_Red Charon,,red charon
malpedia_Red Dev 17,,red dev 17
malpedia_Red Menshen,Red Dev 18,red menshen
malpedia_Red Nue,LuoYu,red nue
malpedia_REF2924,,ref2924
malpedia_REF5961,,ref5961
malpedia_ResumeLooters,,resumelooters
malpedia_Returned Libra,8220 Mining Group,returned libra
malpedia_RevengeHotels,,revengehotels
malpedia_RGB-TEAM,,rgb-team
malpedia_RIDDLE SPIDER,,riddle spider
malpedia_RipperSec,,rippersec
malpedia_Roaming Mantis,Roaming Mantis Group,roaming mantis
malpedia_Roaming Tiger,"BRONZE WOODLAND, Rotten Tomato",roaming tiger
malpedia_Rocke,Aged Libra,rocke
malpedia_Rocket Kitten,"TEMP.Beanie, Operation Woolen Goldfish, Operation Woolen-Goldfish, Thamar Reservoir, Timberworm",rocket kitten
malpedia_RomCom,"Storm-0978, UAT-5647",romcom
malpedia_RTM,G0048,rtm
malpedia_RUBYCARP,,rubycarp
malpedia_Ruby Sleet,CERIUM,ruby sleet
malpedia_Saad Tycoon,,saad tycoon
malpedia_SABRE PANDA,,sabre panda
malpedia_SaintBear,"UNC2589, TA471, UAC-0056, Nascent Ursa, Nodaria, FROZENVISTA, Storm-0587, DEV-0587, Saint Bear, Lorec53, EMBER BEAR, Lorec Bear, Bleeding Bear",saintbear
malpedia_SALTY SPIDER,,salty spider
malpedia_SAMBASPIDER,,sambaspider
malpedia_SAMURAI PANDA,"PLA Navy, Wisp Team",samurai panda
malpedia_SandCat,,sandcat
malpedia_Sandman APT,,sandman apt
malpedia_Sands Casino,,sands casino
malpedia_Sandworm,"Quedagh, VOODOO BEAR, TEMP.Noble, IRON VIKING, G0034, ELECTRUM, TeleBots, IRIDIUM, Blue Echidna, FROZENBARENTS, UAC-0113, Seashell Blizzard, UAC-0082, APT44",sandworm
malpedia_Sath-ı Müdafaa,,sath-ı müdafaa
malpedia_ScamClub,,scamclub
malpedia_Scarab,,scarab
malpedia_SCARLETEEL,,scarleteel
malpedia_Scarlet Mimic,"G0029, Golfing Taurus",scarlet mimic
malpedia_Scarred Manticore,,scarred manticore
malpedia_Scattered Canary,,scattered canary
malpedia_Scattered Spider,"UNC3944, Muddled Libra, Oktapus, Scattered Swine, Scatter Swine, Octo Tempest, 0ktapus, Storm-0971, DEV-0971, Starfraud",scattered spider
malpedia_SCULLY SPIDER,,scully spider
malpedia_Sea Turtle,"COSMIC WOLF, Marbled Dust, SILICON, Teal Kurma, UNC1326",sea turtle
malpedia_SEXi,,sexi
malpedia_ShadowSyndicate,,shadowsyndicate
malpedia_Shadow Network,,shadow network
malpedia_ShaggyPanther,,shaggypanther
malpedia_Shahid Hemmat,,shahid hemmat
malpedia_SHARK SPIDER,,shark spider
malpedia_SharpPanda,,sharppanda
malpedia_ShinyHunters,,shinyhunters
malpedia_ShroudedSnooper,,shroudedsnooper
malpedia_SideCopy,,sidecopy
malpedia_SiegedSec,,siegedsec
malpedia_Siesta,,siesta
malpedia_Silence group,"Silence, WHISPER SPIDER",silence
malpedia_Silent Chollima,"OperationTroy, Guardian of Peace, GOP, WHOis Team, Andariel, Subgroup: Andariel, Onyx Sleet, PLUTONIUM",silent chollima
malpedia_Silent Librarian,"COBALT DICKENS, Mabna Institute, TA407, TA4900, Yellow Nabu",silent librarian
malpedia_SilitNetwork,,silitnetwork
malpedia_SILKFIN AGENCY,,silkfin agency
malpedia_SilkSpecter,,silkspecter
malpedia_SilverFish,,silverfish
malpedia_SilverTerrier,,silverterrier
malpedia_Sima,,sima
malpedia_SINGING SPIDER,,singing spider
malpedia_SingularityMD,,singularitymd
malpedia_SkidSec,SkidSec Leaks,skidsec
malpedia_SLIME29,,slime29
malpedia_Slingshot,,slingshot
malpedia_SloppyLemming,,sloppylemming
malpedia_Smishing Triad,,smishing triad
malpedia_SMOKY SPIDER,,smoky spider
malpedia_SmugX,,smugx
malpedia_Snake Wine,,snake wine
malpedia_SneakyChef,,sneakychef
malpedia_SNOWGLOBE,"Animal Farm, Snowglobe, ATK8",snowglobe
malpedia_SOLAR SPIDER,,solar spider
malpedia_Solntsepek,,solntsepek
malpedia_SongXY,,songxy
malpedia_Sowbug,G0054,sowbug
malpedia_Sp1d3r,,sp1d3r
malpedia_SpaceBears,,spacebears
malpedia_SparklingGoblin,,sparklinggoblin
malpedia_SPICY PANDA,,spicy panda
malpedia_SPIKEDWINE,,spikedwine
malpedia_STARDUST CHOLLIMA,,stardust chollima
malpedia_Stargazer Goblin,,stargazer goblin
malpedia_Starry Addax,,starry addax
malpedia_Stealth Falcon,"FruityArmor, G0038",stealth falcon
malpedia_Storm-0062,"Oro0lxy, DarkShadow",storm-0062
malpedia_Storm-0324,"DEV-0324, Sagrid, TA543",storm-0324
malpedia_Storm-0381,DEV-0381,storm-0381
malpedia_Storm-0473,UNC2849,storm-0473
malpedia_Storm-0494,,storm-0494
malpedia_Storm-0501,,storm-0501
malpedia_Storm-0506,,storm-0506
malpedia_Storm-0530,"DEV-0530, H0lyGh0st",storm-0530
malpedia_Storm-0539,,storm-0539
malpedia_Storm-0558,,storm-0558
malpedia_Storm-0829,"DEV-0829, Nwgen Team",storm-0829
malpedia_Storm-0835,,storm-0835
malpedia_Storm-0867,DEV-0867,storm-0867
malpedia_Storm-0940,,storm-0940
malpedia_Storm-1044,DEV-1044,storm-1044
malpedia_Storm-1084,DEV-1084,storm-1084
malpedia_Storm-1099,,storm-1099
malpedia_Storm-1101,DEV-1101,storm-1101
malpedia_Storm-1113,,storm-1113
malpedia_Storm-1133,,storm-1133
malpedia_Storm-1152,,storm-1152
malpedia_Storm-1167,DEV-1167,storm-1167
malpedia_Storm-1283,,storm-1283
malpedia_Storm-1286,,storm-1286
malpedia_Storm-1295,DEV-1295,storm-1295
malpedia_Storm-1567,"Akira, PUNK SPIDER, GOLD SAHARA",storm-1567
malpedia_Storm-1575,,storm-1575
malpedia_Storm-1674,,storm-1674
malpedia_Storm-1679,,storm-1679
malpedia_Storm-1849,UAT4356,storm-1849
malpedia_Storm-2077,TAG-100,storm-2077
malpedia_Storm Cloud,,storm cloud
malpedia_StucxTeam,,stucxteam
malpedia_Sunglow Blizzard,DEV-0665,sunglow blizzard
malpedia_SWEED,,sweed
malpedia_SYLHET GANG-SG,,sylhet gang-sg
malpedia_TA2101,"Maze Team, TWISTED SPIDER, GOLD VILLAGE, Storm-0216, DEV-0216, Twisted Spider",ta2101
malpedia_TA2536,,ta2536
malpedia_TA2541,,ta2541
malpedia_TA2552,,ta2552
malpedia_TA2719,,ta2719
malpedia_TA2722,Balikbayan Foxes,ta2722
malpedia_TA2725,,ta2725
malpedia_TA402,,ta402
malpedia_TA406,,ta406
malpedia_TA410,,ta410
malpedia_TA428,"Colourful Panda, BRONZE DUDLEY",ta428
malpedia_TA444,,ta444
malpedia_TA453,,ta453
malpedia_TA455,,ta455
malpedia_TA459,G0062,ta459
malpedia_TA482,,ta482
malpedia_TA4903,,ta4903
malpedia_TA499,"Vovan, Lexus",ta499
malpedia_TA505,"SectorJ04, SectorJ04 Group, GRACEFUL SPIDER, GOLD TAHOE, Dudear, G0092, ATK103, Hive0065, CHIMBORAZO, Spandex Tempest, Lace Tempest, DEV-0950, FIN11",ta505
malpedia_TA516,,ta516
malpedia_TA530,,ta530
malpedia_TA547,,ta547
malpedia_TA554,TH-163,ta554
malpedia_TA555,,ta555
malpedia_TA558,,ta558
malpedia_TA570,DEV-0450,ta570
malpedia_TA571,,ta571
malpedia_TA575,,ta575
malpedia_TA577,Hive0118,ta577
malpedia_TA578,,ta578
malpedia_TA579,,ta579
malpedia_TA800,,ta800
malpedia_TA866,,ta866
malpedia_TAG-112,,tag-112
malpedia_TAG-28,,tag-28
malpedia_TAG-56,,tag-56
malpedia_Taidoor,"G0015, Earth Aughisky",taidoor
malpedia_TaskMasters,BlueTraveller,taskmasters
malpedia_Team-Xecuter,,team-xecuter
malpedia_TeamSpy Crew,"TeamSpy, Team Bear, Anger Bear, IRON LYRIC",teamspy crew
malpedia_TeamTNT,Adept Libra,teamtnt
malpedia_TeamXRat,"CorporacaoXRat, CorporationXRat",teamxrat
malpedia_TEMP.Hermit,,hermit
malpedia_TEMP.Veles,"Xenotime, G0088, ATK91",veles
malpedia_TEMPER PANDA,"Admin338, Team338, MAGNESIUM, admin@338, G0018",temper panda
malpedia_TempTick,,temptick
malpedia_TEMP_Heretic,,temp_heretic
malpedia_TERBIUM,,terbium
malpedia_TEST PANDA,,test panda
malpedia_TetrisPhantom,,tetrisphantom
malpedia_TheDarkOverlord,,thedarkoverlord
malpedia_The Big Bang,,the big bang
malpedia_The Gorgon Group,"Gorgon Group, Subaat, ATK92, G0078, Pasty Gemini",the gorgon
malpedia_The Shadow Brokers,"The ShadowBrokers, TSB, Shadow Brokers, ShadowBrokers",the shadow brokers
malpedia_Threatsec,,threatsec
malpedia_Threat Actor 888,,threat actor 888
malpedia_Thrip,"G0076, ATK78",thrip
malpedia_TianWu,,tianwu
malpedia_Tick,"Nian, BRONZE BUTLER, REDBALDKNIGHT, STALKER PANDA, G0060, Stalker Taurus, PLA Unit 61419",tick
malpedia_TIDRONE,,tidrone
malpedia_TiltedTemple,"DEV-0322, Circle Typhoon",tiltedtemple
malpedia_TINY SPIDER,,tiny spider
malpedia_ToddyCat,Websiic,toddycat
malpedia_Tonto Team,"CactusPete, KARMA PANDA, BRONZE HUNTLEY, COPPER, Red Beifang, G0131, PLA Unit 65017, Earth Akhlut, TAG-74",tonto
malpedia_Tortoiseshell,"IMPERIAL KITTEN, Yellow Liderc, Imperial Kitten, TA456, DUSTYCAVE, Crimson Sandstorm",tortoiseshell
malpedia_TOXCAR CYBER TEAM,,toxcar cyber
malpedia_TOXIC PANDA,,toxic panda
malpedia_TRACER KITTEN,,tracer kitten
malpedia_TraderTraitor,"Jade Sleet, UNC4899, Pukchong",tradertraitor
malpedia_TRAVELING SPIDER,,traveling spider
malpedia_Tstark,,tstark
malpedia_TunnelSnake,,tunnelsnake
malpedia_TurkHackTeam,Turk Hack Team,turkhackteam
malpedia_Turla,"Snake, VENOMOUS Bear, Group 88, Waterbug, WRAITH, Uroburos, Pfinet, TAG_0530, KRYPTON, Hippo Team, Pacifier APT, Popeye, SIG23, IRON HUNTER, MAKERSMARK, ATK13, G0010, ITG12, Blue Python, SUMMIT, UNC4210, Secret Blizzard, UAC-0144, UAC-0024, UAC-0003",turla
malpedia_TwoSail Junk,Operation Poisoned News,twosail junk
malpedia_UAC-0006,,uac-0006
malpedia_UAC-0020,"Vermin, SickSync",uac-0020
malpedia_UAC-0050,,uac-0050
malpedia_UAC-0063,,uac-0063
malpedia_UAC-0094,,uac-0094
malpedia_UAC-0099,,uac-0099
malpedia_UAC-0102,,uac-0102
malpedia_UAC-0118,"FRwL, FromRussiaWithLove",uac-0118
malpedia_UAC-0149,,uac-0149
malpedia_UAC-0154,,uac-0154
malpedia_UAC-0184,,uac-0184
malpedia_UAC-0185,UNC4221,uac-0185
malpedia_UAC-0194,,uac-0194
malpedia_UAC-0215,,uac-0215
malpedia_UAT-5394,,uat-5394
malpedia_UNC1549,,unc1549
malpedia_UNC1860,,unc1860
malpedia_UNC1878,,unc1878
malpedia_UNC215,,unc215
malpedia_UNC2447,,unc2447
malpedia_UNC2452,"DarkHalo, StellarParticle, NOBELIUM, Solar Phoenix, Midnight Blizzard, APT29, Cozy Bear",unc2452
malpedia_UNC2465,,unc2465
malpedia_UNC2565,Hive0127,unc2565
malpedia_UNC2630,,unc2630
malpedia_UNC2659,,unc2659
malpedia_UNC2717,,unc2717
malpedia_UNC2970,,unc2970
malpedia_UNC3524,,unc3524
malpedia_UNC3569,,unc3569
malpedia_UNC3886,,unc3886
malpedia_UNC3890,,unc3890
malpedia_UNC4191,,unc4191
malpedia_UNC4393,,unc4393
malpedia_UNC4536,,unc4536
malpedia_UNC4540,,unc4540
malpedia_UNC4736,,unc4736
malpedia_UNC4841,SLIME57,unc4841
malpedia_UNC4990,,unc4990
malpedia_UNC5174,Uteus,unc5174
malpedia_UNC5266,,unc5266
malpedia_UNC5291,,unc5291
malpedia_UNC5325,,unc5325
malpedia_UNC5330,,unc5330
malpedia_UNC5337,,unc5337
malpedia_UNC5537,,unc5537
malpedia_UNC5820,,unc5820
malpedia_Unfading Sea Haze,,unfading sea haze
malpedia_UNION PANDA,,union panda
malpedia_UNION SPIDER,,union spider
malpedia_Unit 8200,Duqu Group,unit 8200
malpedia_Unnamed Actor,,unnamed actor
malpedia_Urpage,,urpage
malpedia_USDoD,,usdod
malpedia_UserSec,,usersec
malpedia_UTA0178,"UNC5221, Red Dev 61",uta0178
malpedia_UTA0218,,uta0218
malpedia_UTG-Q-008,,utg-q-008
malpedia_UTG-Q-010,,utg-q-010
malpedia_Vanilla Tempest,"DEV-0832, Vice Society",vanilla tempest
malpedia_Velvet Tempest,DEV-0504,velvet tempest
malpedia_VENOM SPIDER,"badbullzvenom, badbullz",venom spider
malpedia_ViceLeaker,,viceleaker
malpedia_VICEROY TIGER,"OPERATION HANGOVER, Donot Team, APT-C-35, SectorE02, Orange Kala",viceroy tiger
malpedia_VICE SPIDER,,vice spider
malpedia_Vicious Panda,SixLittleMonkeys,vicious panda
malpedia_Viking Jackal,Vikingdom,viking jackal
malpedia_VIKING SPIDER,,viking spider
malpedia_Void Arachne,Silver Fox,void arachne
malpedia_Void Balaur,,void balaur
malpedia_Void Banshee,,void banshee
malpedia_Void Manticore,,void manticore
malpedia_Void Rabisu,Tropical Scorpius,void rabisu
malpedia_Volatile Cedar,"Lebanese Cedar, DeftTorero",volatile cedar
malpedia_Volt Typhoon,"BRONZE SILHOUETTE, VANGUARD PANDA, UNC3236, Insidious Taurus, VOLTZITE, Dev-0391, Storm-0391",volt typhoon
malpedia_VulzSecTeam,VulzSec,vulzsecteam
malpedia_WageMole,"Famous Chollima, UNC5267, Wagemole, Nickel Tapestry, Contagious Interview, Storm-1877",wagemole
malpedia_Wassonite,,wassonite
malpedia_Watchdog,Thief Libra,watchdog
malpedia_Water Barghest,,water barghest
malpedia_Water Curupira,,water curupira
malpedia_Water Labbu,,water labbu
malpedia_Water Makara,,water makara
malpedia_Water Orthrus,,water orthrus
malpedia_Water Sigbin,8220 Gang,water sigbin
malpedia_Webworm,Space Pirates,webworm
malpedia_WeedSec,,weedsec
malpedia_WeRedEvils,,weredevils
malpedia_WET PANDA,Red Chimera,wet panda
malpedia_Whitefly,,whitefly
malpedia_White Bear,Skipper Turla,white bear
malpedia_WildCard,,wildcard
malpedia_WildNeutron,"Butterfly, Morpho, Sphinx Moth",wildneutron
malpedia_WildPressure,,wildpressure
malpedia_WindShift,Windy Phoenix,windshift
malpedia_Winter Vivern,"UAC-0114, TA473, TAG-70, TA-473",winter vivern
malpedia_WIP19,,wip19
malpedia_WIRTE,,wirte
malpedia_Witchetty,LookingFrog,witchetty
malpedia_WIZARD SPIDER,"TEMP.MixMaster, GOLD BLACKBURN, FIN12, Periwinkle Tempest, DEV-0193, Storm-0193, Trickbot LLC, UNC2053, Pistachio Tempest, DEV-0237",wizard spider
malpedia_WOLF SPIDER,"FIN4, G0085",wolf spider
malpedia_Worok,,worok
malpedia_XakNet,"UAC-0100, UAC-0106",xaknet
malpedia_Xcatze,,xcatze
malpedia_XDSpy,,xdspy
malpedia_Xiaoqiying,"Genesis Day, Teng Snake",xiaoqiying
malpedia_Yanbian Gang,,yanbian gang
malpedia_YoroTrooper,"Salted Earth, Sturgeon Fisher",yorotrooper
malpedia_Zarya,UAC-0109,zarya
malpedia_ZeroSevenGroup,,zerosevengroup
malpedia_ZOMBIE SPIDER,,zombie spider
malpedia_ZooPark,,zoopark
malpedia_[Unnamed group],,[unnamed group]
malpedia_[Vault 7/8],,[vault 7/8]
malpedia_ Stealth Mango and Tangelo ,,stealth mango and tangelo
